config,dopants,group_key,quality,target_a,target_b,n_ingap,A_Z_mean,A_Z_prod,A_Z_range,A_Z_sum,A_chi_mean,A_chi_prod,A_chi_range,A_chi_sum,A_dnval_absum,A_dnval_sum,A_grp_mean,A_grp_prod,A_grp_range,A_grp_sum,A_nval_mean,A_nval_prod,A_nval_range,A_nval_sum,A_order,A_per_mean,A_per_prod,A_per_range,A_per_sum,A_rcov_mean,A_rcov_prod,A_rcov_range,A_rcov_sum,B_bandwidth,B_bond_mean,B_dopw_max,B_dopw_mean,B_host_gap,B_ingap_E_max,B_ingap_E_mean,B_ingap_E_mean_frac,B_ingap_E_min,B_ingap_from_cbm,B_ionic_steps,B_ipr_max,B_ipr_mean,B_magmom,B_max_disp,B_n_ingap_occ,B_n_ingap_unocc,B_nelect,B_pbe_energy
pair_defects/B-Li/C8-C1-were_replaced,BLi,BLi,spin-suspect,-1.6622905731201172,-0.3781728744506836,54,4.0,15.0,2.0,8.0,1.51,1.9992,1.06,3.02,4.0,-4.0,7.0,13.0,12.0,14.0,2.0,3.0,2.0,4.0,2.0,2.0,4.0,0.0,4.0,1.06,1.0752,0.44000000000000006,2.12,21.786609649658203,1.5885571240060832,0.15441177785396576,0.11328853473619178,2.127666473388672,2.0451650619506836,1.1245620868824147,0.5285424670396567,0.0913228988647461,0.08250141143798828,74.0,0.14307090640068054,0.08004787985097479,0.25,0.4486619659524533,30.0,24.0,252.0,-563.95818
pair_defects/B-Li/C8-C53-were_replaced,BLi,BLi,clean,-0.4097442626953125,0.9060916900634766,56,4.0,15.0,2.0,8.0,1.51,1.9992,1.06,3.02,4.0,-4.0,7.0,13.0,12.0,14.0,2.0,3.0,2.0,4.0,2.0,2.0,4.0,0.0,4.0,1.06,1.0752,0.44000000000000006,2.12,22.290544509887695,1.5745470766064897,0.6427525877952576,0.26600648037024904,4.738929748535156,3.2204742431640625,1.8508003098624093,0.39055238378127627,0.21618938446044922,1.5184555053710938,3.0,0.2715926468372345,0.16147320045690453,2.0,0.48353682899427475,24.0,32.0,252.0,-564.82476
pair_defects/B-P/C8-C1-were_replaced,BP,BP,clean,nan,1.1580791473388672,12,10.0,75.0,10.0,20.0,2.115,4.4676,0.1499999999999999,4.23,2.0,0.0,14.0,195.0,2.0,28.0,4.0,15.0,2.0,8.0,2.0,2.5,6.0,1.0,5.0,0.9550000000000001,0.8988,0.2300000000000001,1.9100000000000001,21.728293418884277,1.5867354794384014,0.15736038982868195,0.13896944870551428,3.7845687866210938,3.5371885299682617,3.447723388671875,0.9109950388165733,3.3582582473754883,0.24738025665283203,14.0,0.04720398038625717,0.03818524287392696,-0.0,0.152224245318467,0.0,12.0,256.0,-572.05189
pair_defects/B-P/C8-C53-were_replaced,BP,BP,clean,0.0033006668090820312,1.148651123046875,8,10.0,75.0,10.0,20.0,2.115,4.4676,0.1499999999999999,4.23,2.0,0.0,14.0,195.0,2.0,28.0,4.0,15.0,2.0,8.0,2.0,2.5,6.0,1.0,5.0,0.9550000000000001,0.8988,0.2300000000000001,1.9100000000000001,21.62616729736328,1.6036041621234185,0.10832232981920242,0.08333058282732964,3.9329261779785156,3.715242385864258,2.8041250705718994,0.7129869577194026,0.07077312469482422,0.2176837921142578,18.0,0.020541001111268997,0.019066499546170235,0.0,0.19326370012514804,2.0,6.0,256.0,-572.20879
pair_defects/B-S/C8-C1-were_replaced,BS,BS,spin-suspect,-0.9128446578979492,0.21281814575195312,68,10.5,80.0,11.0,21.0,2.31,5.2632,0.54,4.62,3.0,1.0,14.5,208.0,3.0,29.0,4.5,18.0,3.0,9.0,2.0,2.5,6.0,1.0,5.0,0.9450000000000001,0.882,0.21000000000000008,1.8900000000000001,24.908801078796387,1.5875310290315199,0.2805429697036743,0.19236077609307625,4.805483818054199,4.753217697143555,3.3068480631884407,0.6881405053877436,0.36568164825439453,0.05226612091064453,17.0,0.1544068604707718,0.08296791943447555,0.25,0.16234843869029744,26.0,42.0,257.0,-566.20535
pair_defects/B-S/C8-C53-were_replaced,BS,BS,spin-suspect,0.9476747512817383,1.095123291015625,28,10.5,80.0,11.0,21.0,2.31,5.2632,0.54,4.62,3.0,1.0,14.5,208.0,3.0,29.0,4.5,18.0,3.0,9.0,2.0,2.5,6.0,1.0,5.0,0.9450000000000001,0.882,0.21000000000000008,1.8900000000000001,25.017620086669922,1.599947510678311,0.2926829159259796,0.19918875502688543,4.193389892578125,4.035261154174805,3.693027768816267,0.8806783684370851,3.248891830444336,0.1581287384033203,15.0,0.14551058411598206,0.07732901256531477,-0.0,0.19348120910443292,8.0,20.0,257.0,-567.24284
pair_defects/B-Se/C8-C1-were_replaced,BSe,BSe,spin-suspect,0.05533790588378906,1.2030096054077148,52,19.5,170.0,29.0,39.0,2.295,5.202,0.5099999999999998,4.59,3.0,1.0,14.5,208.0,3.0,29.0,4.5,18.0,3.0,9.0,2.0,3.0,8.0,2.0,6.0,1.02,1.008,0.36,2.04,25.214001655578613,1.5884779864995622,0.4267857074737549,0.24166262264435107,4.867749214172363,4.744452476501465,3.0022063988905687,0.6167545341386321,0.3533935546875,0.12329673767089844,13.0,0.2584540843963623,0.10838556508175455,-0.25,0.2513903747559667,26.0,26.0,257.0,-562.01158
pair_defects/B-Se/C8-C53-were_replaced,BSe,BSe,spin-suspect,0.9939117431640625,1.1559457778930664,18,19.5,170.0,29.0,39.0,2.295,5.202,0.5099999999999998,4.59,3.0,1.0,14.5,208.0,3.0,29.0,4.5,18.0,3.0,9.0,2.0,3.0,8.0,2.0,6.0,1.02,1.008,0.36,2.04,25.190659523010254,1.6140960121626242,0.3179191052913666,0.21933493432071474,4.115368843078613,3.7643022537231445,3.575103865729438,0.8687201565765329,3.4117307662963867,0.35106658935546875,32.0,0.14504003524780273,0.07601487926310962,-0.0,0.27469136905233466,8.0,10.0,257.0,-563.00024
pair_defects/N-Li/C8-C1-were_replaced,LiN,LiN,clean,-0.14963817596435547,1.2450580596923828,84,5.0,21.0,4.0,10.0,2.01,2.9792,2.06,4.02,4.0,-2.0,8.0,15.0,14.0,16.0,3.0,5.0,4.0,6.0,2.0,2.0,4.0,0.0,4.0,0.995,0.9087999999999999,0.5700000000000001,1.99,23.666138648986816,1.571731002719982,0.2998065650463104,0.15517335154470943,4.8607940673828125,4.657014846801758,2.346238238470895,0.48268620434154197,0.48149681091308594,0.2037792205810547,23.0,0.1615714728832245,0.09040063091864188,2.0,0.20929462177973737,46.0,38.0,254.0,-563.72264
pair_defects/N-Li/C8-C53-were_replaced,LiN,LiN,clean,-0.2582893371582031,1.0571365356445312,48,5.0,21.0,4.0,10.0,2.01,2.9792,2.06,4.02,4.0,-2.0,8.0,15.0,14.0,16.0,3.0,5.0,4.0,6.0,2.0,2.0,4.0,0.0,4.0,0.995,0.9087999999999999,0.5700000000000001,1.99,22.427329063415527,1.5280168426849359,0.28257888555526733,0.14502164286871752,4.6438493728637695,2.3746862411499023,1.2569227814674377,0.27066398596221447,0.05193805694580078,2.269163131713867,21.0,0.1903511881828308,0.1245239192309479,1.9983,0.22376430058575245,32.0,16.0,254.0,-566.9577
pair_defects/N-S/C8-C1-were_replaced,NS,NS,spin-suspect,0.9963712692260742,1.1487979888916016,36,11.5,112.0,9.0,23.0,2.81,7.8432,0.45999999999999996,5.62,3.0,3.0,15.5,240.0,1.0,31.0,5.5,30.0,1.0,11.0,2.0,2.5,6.0,1.0,5.0,0.88,0.7454999999999999,0.3400000000000001,1.76,25.73612117767334,1.5915388929679506,0.2846153676509857,0.20695967144436306,4.439162254333496,4.312826156616211,3.8701221677992077,0.8718136319575178,3.334095001220703,0.12633609771728516,9.0,0.11788459122180939,0.06263485131785274,0.25,0.17432907399483508,24.0,12.0,259.0,-561.31623
pair_defects/N-S/C8-C53-were_replaced,NS,NS,spin-suspect,-0.055896759033203125,1.1680793762207031,34,11.5,112.0,9.0,23.0,2.81,7.8432,0.45999999999999996,5.62,3.0,3.0,15.5,240.0,1.0,31.0,5.5,30.0,1.0,11.0,2.0,2.5,6.0,1.0,5.0,0.88,0.7454999999999999,0.3400000000000001,1.76,25.481616973876953,1.621713125373025,0.7664670944213867,0.41637252687531356,4.246468544006348,4.138498306274414,2.7331893584307503,0.643638197270646,1.097768783569336,0.1079702377319336,4.0,0.33244743943214417,0.16228338248808594,0.0001,0.5178747746286323,24.0,10.0,259.0,-564.35258
pair_defects/N-Si/C8-C1-were_replaced,NSi,NSi,spin-suspect,1.0337047576904297,1.2068367004394531,22,10.5,98.0,7.0,21.0,2.4699999999999998,5.776,1.1400000000000001,4.9399999999999995,1.0,1.0,14.5,210.0,1.0,29.0,4.5,20.0,1.0,9.0,2.0,2.5,6.0,1.0,5.0,0.91,0.7881,0.40000000000000013,1.82,25.315543174743652,1.5936707504355163,0.29094409942626953,0.14457235383716496,4.199565887451172,4.071146011352539,3.7843667810613457,0.9011328509857428,3.260936737060547,0.1284198760986328,14.0,0.13219061493873596,0.0480508760295131,-0.0,0.18196115664362245,8.0,14.0,257.0,-568.90953
pair_defects/N-Si/C8-C53-were_replaced,NSi,NSi,spin-suspect,1.0251588821411133,nan,8,10.5,98.0,7.0,21.0,2.4699999999999998,5.776,1.1400000000000001,4.9399999999999995,1.0,1.0,14.5,210.0,1.0,29.0,4.5,20.0,1.0,9.0,2.0,2.5,6.0,1.0,5.0,0.91,0.7881,0.40000000000000013,1.82,25.32782745361328,1.6040364753293646,0.23799125850200653,0.16442900151014328,3.9523086547851562,3.6101837158203125,3.5495963096618652,0.8981070608856124,3.3678340911865234,0.34212493896484375,18.0,0.0767529085278511,0.04510934092104435,0.0,0.17691468251936918,8.0,0.0,257.0,-570.06056
single_defect/IA-element-single-impurity/Li,Li,Li,clean,-0.2945280075073242,1.0601749420166016,59,3.0,3.0,0.0,3.0,0.98,0.98,0.0,0.98,3.0,-3.0,1.0,1.0,0.0,1.0,1.0,1.0,0.0,1.0,1.0,2.0,2.0,0.0,2.0,1.28,1.28,0.0,1.28,22.08895206451416,1.7769630242458296,0.20534224808216095,0.1363682177359775,4.758993148803711,2.255596160888672,1.2367153814283467,0.2598691241527056,0.07283782958984375,2.503396987915039,7.0,0.15940089523792267,0.10559875846414243,3.0,0.2273546461088624,35.0,24.0,253.0,-566.47111
single_defect/IA-element-single-impurity/Na,Na,Na,clean,-0.24770736694335938,1.2049579620361328,62,11.0,11.0,0.0,11.0,0.93,0.93,0.0,0.93,3.0,-3.0,1.0,1.0,0.0,1.0,1.0,1.0,0.0,1.0,1.0,3.0,3.0,0.0,3.0,1.66,1.66,0.0,1.66,22.63712215423584,1.9087950299292222,0.18196995556354523,0.07686341704139786,4.633078575134277,2.846742630004883,1.766526775975381,0.3812857363258043,0.26727867126464844,1.7863359451293945,17.0,0.19612407684326172,0.12363097912842227,2.9999,0.3591865296065736,38.0,24.0,253.0,-561.0955
single_defect/IIA-element-single-impurity/Be,Be,Be,clean,0.10323810577392578,0.2556333541870117,48,4.0,4.0,0.0,4.0,1.57,1.57,0.0,1.57,2.0,-2.0,2.0,2.0,0.0,2.0,2.0,2.0,0.0,2.0,1.0,2.0,2.0,0.0,2.0,0.96,0.96,0.0,0.96,21.595471382141113,1.6750740475639576,0.23931622505187988,0.17878009953225651,4.916153907775879,1.3786048889160156,0.8014785250027975,0.1630295837026378,0.10811328887939453,3.5375490188598633,9.0,0.12892210483551025,0.08404811060366531,-0.0,0.12550564477969975,32.0,16.0,254.0,-571.64876
single_defect/IIA-element-single-impurity/Mg,Mg,Mg,clean,-0.17357730865478516,0.7549552917480469,54,12.0,12.0,0.0,12.0,1.31,1.31,0.0,1.31,2.0,-2.0,2.0,2.0,0.0,2.0,2.0,2.0,0.0,2.0,1.0,3.0,3.0,0.0,3.0,1.41,1.41,0.0,1.41,22.670706748962402,1.85717531048073,0.1538461595773697,0.09569039264762844,4.694701194763184,2.07119083404541,1.3143709500630696,0.27996903222066954,0.05633258819580078,2.6235103607177734,19.0,0.14798109233379364,0.07998199622940134,2.0,0.3076839664611873,38.0,16.0,254.0,-563.33332
single_defect/IIIA-element-single-imputiry/B,B,B,spin-suspect,0.019242286682128906,0.13159847259521484,18,5.0,5.0,0.0,5.0,2.04,2.04,0.0,2.04,1.0,-1.0,13.0,13.0,0.0,13.0,3.0,3.0,0.0,3.0,1.0,2.0,2.0,0.0,2.0,0.84,0.84,0.0,0.84,20.951937675476074,1.590378219132806,0.08567604422569275,0.07127075187034076,4.896336555480957,0.9669837951660156,0.5569463835822211,0.11374756969244192,0.3392601013183594,3.9293527603149414,13.0,0.03640264272689819,0.02647714999814828,-0.0,0.043259886948618195,10.0,8.0,255.0,-578.46909
single_defect/VA-element-single-impurity/As,As,As,clean,1.0361518859863281,1.1582813262939453,12,33.0,33.0,0.0,33.0,2.18,2.18,0.0,2.18,1.0,1.0,15.0,15.0,0.0,15.0,5.0,5.0,0.0,5.0,1.0,4.0,4.0,0.0,4.0,1.19,1.19,0.0,1.19,25.336212158203125,1.779812612263228,0.1214953362941742,0.08238228348394235,4.206219673156738,3.9898738861083984,3.8834665616353354,0.9232676520484298,3.777059555053711,0.21634578704833984,1.0,0.027698930352926254,0.02217624957362811,0.0006,0.23020412399239285,6.0,6.0,257.0,-567.40877
single_defect/VA-element-single-impurity/N,N,N,spin-suspect,1.0268945693969727,1.193181037902832,22,7.0,7.0,0.0,7.0,3.04,3.04,0.0,3.04,1.0,1.0,15.0,15.0,0.0,15.0,5.0,5.0,0.0,5.0,1.0,2.0,2.0,0.0,2.0,0.71,0.71,0.0,0.71,25.32560920715332,1.5937897765408313,0.282196968793869,0.12980803169987418,4.510441780090332,4.269803047180176,3.984142476862127,0.8833153538193625,3.426032066345215,0.24063873291015625,3.0,0.12433997541666031,0.04498450085520744,0.0,0.044181346589689474,8.0,14.0,257.0,-576.81391
single_defect/VA-element-single-impurity/P,P,P,spin-suspect,1.0015430450439453,nan,8,15.0,15.0,0.0,15.0,2.19,2.19,0.0,2.19,1.0,1.0,15.0,15.0,0.0,15.0,5.0,5.0,0.0,5.0,1.0,3.0,3.0,0.0,3.0,1.07,1.07,0.0,1.07,25.420413970947266,1.7025308199317088,0.13432836532592773,0.09458245523273945,4.027457237243652,3.9658021926879883,3.7785176038742065,0.9381893788797079,3.6980714797973633,0.06165504455566406,12.0,0.039937131106853485,0.025996663374826312,0.25,0.15318398993792393,8.0,0.0,257.0,-571.91044
single_defect/VA-element-single-impurity/Sb,Sb,Sb,spin-suspect,0.004246711730957031,nan,24,51.0,51.0,0.0,51.0,2.05,2.05,0.0,2.05,1.0,1.0,15.0,15.0,0.0,15.0,5.0,5.0,0.0,5.0,1.0,5.0,5.0,0.0,5.0,1.39,1.39,0.0,1.39,25.60732936859131,1.8878774433283882,0.10304450243711472,0.07930919729794066,4.675347328186035,4.380539894104004,1.3812272151311238,0.29542772294246195,0.19379711151123047,0.29480743408203125,3.0,0.028125863522291183,0.025045635644346476,0.25,0.3382690545538767,24.0,0.0,257.0,-560.54165
single_defect/VIA-element-single-impurity/O,O,O,clean,0.5389890670776367,1.2551136016845703,64,8.0,8.0,0.0,8.0,3.44,3.44,0.0,3.44,2.0,2.0,16.0,16.0,0.0,16.0,6.0,6.0,0.0,6.0,1.0,2.0,2.0,0.0,2.0,0.66,0.66,0.0,0.66,24.19052219390869,1.7290616557972995,0.32970449328422546,0.25021523609757423,4.527395248413086,4.351570129394531,3.603375017642975,0.7959046692258661,1.6737394332885742,0.1758251190185547,13.0,0.214874267578125,0.16028184653259814,-0.0,0.17945319989479283,16.0,48.0,258.0,-572.29223
single_defect/VIA-element-single-impurity/S,S,S,spin-suspect,0.9524354934692383,1.090418815612793,32,16.0,16.0,0.0,16.0,2.58,2.58,0.0,2.58,2.0,2.0,16.0,16.0,0.0,16.0,6.0,6.0,0.0,6.0,1.0,3.0,3.0,0.0,3.0,1.05,1.05,0.0,1.05,25.58566951751709,1.7136176386070572,0.27166274189949036,0.19453831855207682,4.322259902954102,4.014894485473633,3.7204204499721527,0.8607581527962689,3.262385368347168,0.30736541748046875,5.0,0.109861820936203,0.07087874133139849,0.25,0.16401027754195135,16.0,16.0,258.0,-566.27734
single_defect/VIA-element-single-impurity/Se,Se,Se,spin-suspect,0.9473352432250977,1.1495647430419922,25,34.0,34.0,0.0,34.0,2.55,2.55,0.0,2.55,2.0,2.0,16.0,16.0,0.0,16.0,6.0,6.0,0.0,6.0,1.0,4.0,4.0,0.0,4.0,1.2,1.2,0.0,1.2,25.402140617370605,1.819445353316267,0.39319467544555664,0.25033253282308576,4.25039005279541,4.188052177429199,3.708393440246582,0.8724830884185873,3.4195594787597656,0.06233787536621094,5.0,0.17931248247623444,0.09798010811209679,0.25,0.2698368704031671,16.0,9.0,258.0,-562.05014
single_defect/VIA-element-single-impurity/Te,Te,Te,clean,1.009099006652832,1.2031774520874023,27,52.0,52.0,0.0,52.0,2.1,2.1,0.0,2.1,2.0,2.0,16.0,16.0,0.0,16.0,6.0,6.0,0.0,6.0,1.0,5.0,5.0,0.0,5.0,1.38,1.38,0.0,1.38,25.481648445129395,1.9140415254685295,0.311507910490036,0.17293453326931707,4.66593074798584,4.536822319030762,3.459872916892723,0.7415182744377977,0.6317176818847656,0.12910842895507812,22.0,0.13786497712135315,0.06355328264611738,-0.5,0.37164188973257967,22.0,5.0,258.0,-556.0482
single_defect/VIIA-element-single-impurity/Br,Br,Br,clean,0.41849803924560547,1.1068496704101562,54,35.0,35.0,0.0,35.0,2.96,2.96,0.0,2.96,3.0,3.0,17.0,17.0,0.0,17.0,7.0,7.0,0.0,7.0,1.0,4.0,4.0,0.0,4.0,1.2,1.2,0.0,1.2,24.577221870422363,1.942055378387215,0.367066890001297,0.2655139355747788,4.216758728027344,4.162947654724121,3.091081566280789,0.7330468176268738,0.05461597442626953,0.053811073303222656,40.0,0.2654131054878235,0.16527884363852166,-1.0,0.40426306111752797,25.0,29.0,259.0,-556.3286
single_defect/VIIA-element-single-impurity/Cl,Cl,Cl,spin-suspect,0.27979469299316406,1.2355480194091797,64,17.0,17.0,0.0,17.0,3.16,3.16,0.0,3.16,3.0,3.0,17.0,17.0,0.0,17.0,7.0,7.0,0.0,7.0,1.0,3.0,3.0,0.0,3.0,1.02,1.02,0.0,1.02,24.684067726135254,1.8761435700270566,0.26053640246391296,0.21004844014532864,4.352660179138184,4.103751182556152,3.1698887050151825,0.7282646874681619,1.9200267791748047,0.24890899658203125,7.0,0.2209731638431549,0.15791848150547594,-0.25,0.3277184251164828,24.0,40.0,259.0,-559.88891
single_defect/VIIA-element-single-impurity/F,F,F,clean,-0.2882957458496094,1.5315637588500977,48,9.0,9.0,0.0,9.0,3.98,3.98,0.0,3.98,3.0,3.0,17.0,17.0,0.0,17.0,7.0,7.0,0.0,7.0,1.0,2.0,2.0,0.0,2.0,0.57,0.57,0.0,0.57,28.871549606323242,1.834912913556923,0.1306532621383667,0.09079374885186553,4.518808364868164,3.596074104309082,2.2279472748438516,0.4930386719129772,0.630859375,0.922734260559082,40.0,0.28977659344673157,0.19025712724154195,1.0,0.4001271137935453,24.0,24.0,259.0,-567.25759
single_defect/VIIA-element-single-impurity/I,I,I,clean,0.7550783157348633,0.9533357620239258,64,53.0,53.0,0.0,53.0,2.66,2.66,0.0,2.66,3.0,3.0,17.0,17.0,0.0,17.0,7.0,7.0,0.0,7.0,1.0,5.0,5.0,0.0,5.0,1.39,1.39,0.0,1.39,24.905312538146973,2.0000284948155027,0.38793104887008667,0.2682993978378363,4.568934440612793,4.506589889526367,3.595793679356575,0.7870092526156496,0.5666513442993164,0.06234455108642578,3.0,0.20006538927555084,0.1342527892848011,0.5,0.4504220758236341,31.0,33.0,259.0,-550.70662
single_defects_new-only/IA-impurity/K,K,K,spin-suspect,-0.5493707656860352,1.217270851135254,70,19.0,19.0,0.0,19.0,0.82,0.82,0.0,0.82,3.0,-3.0,1.0,1.0,0.0,1.0,1.0,1.0,0.0,1.0,1.0,4.0,4.0,0.0,4.0,2.03,2.03,0.0,2.03,23.308890342712402,2.0447127821547935,0.379146933555603,0.2888056672045163,4.670431137084961,2.7543907165527344,2.161541393824986,0.4628141022488359,0.1441946029663086,1.9160404205322266,14.0,0.21467916667461395,0.15996231756040027,0.0,0.49510460647369414,46.0,24.0,259.0,-553.11451
single_defects_new-only/IIA-impurity/Ba,Ba,Ba,clean,-0.037079811096191406,0.8192405700683594,68,56.0,56.0,0.0,56.0,0.89,0.89,0.0,0.89,2.0,-2.0,2.0,2.0,0.0,2.0,2.0,2.0,0.0,2.0,1.0,6.0,6.0,0.0,6.0,2.15,2.15,0.0,2.15,28.484745979309082,2.120086620742024,0.32676053047180176,0.22658598297001684,4.469194412231445,4.228414535522461,2.232055944554946,0.49943138263266834,0.9785528182983398,0.24077987670898438,5.0,0.15842092037200928,0.11905094909974757,2.0,0.5704785536077757,48.0,20.0,262.0,-549.16011
single_defects_new-only/III-A/Al,Al,Al,spin-suspect,0.01442718505859375,0.1589975357055664,45,13.0,13.0,0.0,13.0,1.61,1.61,0.0,1.61,1.0,-1.0,13.0,13.0,0.0,13.0,3.0,3.0,0.0,3.0,1.0,3.0,3.0,0.0,3.0,1.21,1.21,0.0,1.21,21.703837394714355,1.7856655869471156,0.13333332538604736,0.0921045141087638,4.734793663024902,1.2670097351074219,0.7677518420749241,0.16215106649112834,0.05842018127441406,3.4677839279174805,19.0,0.11140592396259308,0.06758304999934303,0.25,0.2362610669190614,37.0,8.0,255.0,-568.91054
single_defects_new-only/III-A/Ga,Ga,Ga,spin-suspect,0.058803558349609375,0.22349166870117188,50,31.0,31.0,0.0,31.0,1.81,1.81,0.0,1.81,1.0,-1.0,13.0,13.0,0.0,13.0,3.0,3.0,0.0,3.0,1.0,4.0,4.0,0.0,4.0,1.22,1.22,0.0,1.22,21.727301597595215,1.7931988790361257,0.30250993371009827,0.19977054327726365,4.825340270996094,4.77510929107666,1.2802306365966798,0.2653140638167683,0.05013847351074219,0.050230979919433594,17.0,0.13514791429042816,0.08304782465100288,0.0,0.24360314839452532,36.0,14.0,265.0,-567.21865
single_defects_new-only/III-A/In,In,In,spin-suspect,0.12106132507324219,0.2033529281616211,48,49.0,49.0,0.0,49.0,1.78,1.78,0.0,1.78,1.0,-1.0,13.0,13.0,0.0,13.0,3.0,3.0,0.0,3.0,1.0,5.0,5.0,0.0,5.0,1.42,1.42,0.0,1.42,22.359743118286133,1.9041764170813753,0.30053192377090454,0.2467178258424004,4.7105913162231445,1.7480220794677734,1.2847235202789307,0.2727308386644324,0.6928129196166992,2.962569236755371,17.0,0.14861492812633514,0.11141278439511855,-0.0,0.35457856506634416,40.0,8.0,265.0,-560.33897
single_defects_new-only/III-A/Tl,Tl,Tl,spin-suspect,0.15979385375976562,0.23543834686279297,48,81.0,81.0,0.0,81.0,1.62,1.62,0.0,1.62,1.0,-1.0,13.0,13.0,0.0,13.0,3.0,3.0,0.0,3.0,1.0,6.0,6.0,0.0,6.0,1.45,1.45,0.0,1.45,22.64201545715332,1.9338070661817401,0.3086419701576233,0.2560502840206027,4.64955997467041,1.9416179656982422,1.4910468061765034,0.32068557332292463,0.9407167434692383,2.707942008972168,18.0,0.14821676909923553,0.11698699075107773,-0.0,0.38421316504483144,40.0,8.0,265.0,-557.03571
single_defects_new-only/IV-A/Ge,Ge,Ge,clean,-0.0023097991943359375,1.226593017578125,24,32.0,32.0,0.0,32.0,2.01,2.01,0.0,2.01,0.0,0.0,14.0,14.0,0.0,14.0,4.0,4.0,0.0,4.0,1.0,4.0,4.0,0.0,4.0,1.2,1.2,0.0,1.2,23.830452919006348,1.774250174408891,0.1149870827794075,0.08823305896172921,4.768285751342773,4.678475379943848,1.5424566268920898,0.32348242268360833,0.32024478912353516,0.08981037139892578,17.0,0.04296025261282921,0.030370619846507907,0.0,0.22464170444924814,18.0,6.0,266.0,-570.42345
single_defects_new-only/IV-A/Pb,Pb,Pb,clean,-0.0033597946166992188,nan,48,82.0,82.0,0.0,82.0,2.33,2.33,0.0,2.33,0.0,0.0,14.0,14.0,0.0,14.0,4.0,4.0,0.0,4.0,1.0,6.0,6.0,0.0,6.0,1.46,1.46,0.0,1.46,22.28567409515381,1.9243462273522067,0.3009320795536041,0.23306912649422884,4.604926109313965,1.3188791275024414,0.7868488430976868,0.17087111159204038,0.11365127563476562,3.2860469818115234,18.0,0.1292317807674408,0.10218531902258594,-0.0,0.3747377184116419,48.0,0.0,266.0,-558.91693
single_defects_new-only/IV-A/Sn,Sn,Sn,clean,-0.019565582275390625,1.2302484512329102,48,50.0,50.0,0.0,50.0,1.96,1.96,0.0,1.96,0.0,0.0,14.0,14.0,0.0,14.0,4.0,4.0,0.0,4.0,1.0,5.0,5.0,0.0,5.0,1.39,1.39,0.0,1.39,22.027033805847168,1.8832873926016918,0.26700252294540405,0.20135539351031184,4.678155899047852,4.587939262390137,1.1201117833455403,0.23943447108582197,0.14084243774414062,0.09021663665771484,17.0,0.1236598789691925,0.08159801775279145,-0.0,0.3336789004406257,42.0,6.0,266.0,-562.96758
single_defects_new-only/Transition-Metals/Ag,Ag,Ag,clean,-0.37078189849853516,1.2869186401367188,48,47.0,47.0,0.0,47.0,1.93,1.93,0.0,1.93,7.0,7.0,11.0,11.0,0.0,11.0,11.0,11.0,0.0,11.0,1.0,5.0,5.0,0.0,5.0,1.45,1.45,0.0,1.45,58.096861839294434,1.898338796958163,0.27591705322265625,0.22889341786503792,4.614144325256348,2.8988609313964844,2.382329603036245,0.5163101617771546,1.7857789993286133,1.7152833938598633,16.0,0.1287592649459839,0.11018721510966618,-1.5,0.34873032153296557,24.0,24.0,269.0,-560.9179
single_defects_new-only/Transition-Metals/Cd,Cd,Cd,clean,-0.09262466430664062,0.7859897613525391,48,48.0,48.0,0.0,48.0,1.69,1.69,0.0,1.69,8.0,8.0,12.0,12.0,0.0,12.0,12.0,12.0,0.0,12.0,1.0,5.0,5.0,0.0,5.0,1.44,1.44,0.0,1.44,23.070507049560547,1.9213265875267087,0.2720588147640228,0.22634700623651346,4.621406555175781,2.453125,1.8183017373085022,0.3934520184708875,1.0297698974609375,2.1682815551757812,21.0,0.12665654718875885,0.10041079623624682,2.0,0.3717841412437566,32.0,16.0,264.0,-557.84456
single_defects_new-only/Transition-Metals/Cr,Cr,Cr,clean,-0.06673431396484375,1.2509326934814453,92,24.0,24.0,0.0,24.0,1.66,1.66,0.0,1.66,2.0,2.0,6.0,6.0,0.0,6.0,6.0,6.0,0.0,6.0,1.0,4.0,4.0,0.0,4.0,1.39,1.39,0.0,1.39,42.85534381866455,1.7862976347628723,0.8959999680519104,0.5713634030164584,4.9315290451049805,4.744985580444336,2.4786471491274624,0.5026122986313463,0.051894187927246094,0.18654346466064453,15.0,0.8036374449729919,0.4019705534345754,2.0,0.23668914020772908,43.0,49.0,264.0,-574.49853
single_defects_new-only/Transition-Metals/Cu,Cu,Cu,clean,-0.4028348922729492,1.3021202087402344,54,29.0,29.0,0.0,29.0,1.9,1.9,0.0,1.9,7.0,7.0,11.0,11.0,0.0,11.0,11.0,11.0,0.0,11.0,1.0,4.0,4.0,0.0,4.0,1.32,1.32,0.0,1.32,72.04880809783936,1.7946142554930344,0.3775811195373535,0.2842924397576738,4.869107246398926,2.5734786987304688,1.8229390426918313,0.37438876378006114,0.0769338607788086,2.295628547668457,13.0,0.18119248747825623,0.14242632976836628,1.5,0.24500580957990337,30.0,24.0,269.0,-567.22099
single_defects_new-only/Transition-Metals/Fe,Fe,Fe,clean,-1.0829792022705078,1.2884206771850586,92,26.0,26.0,0.0,26.0,1.83,1.83,0.0,1.83,4.0,4.0,8.0,8.0,0.0,8.0,8.0,8.0,0.0,8.0,1.0,4.0,4.0,0.0,4.0,1.42,1.42,0.0,1.42,52.25404167175293,1.737716062912123,0.8960452675819397,0.6176375068886124,5.222618103027344,4.3219499588012695,2.7448175057120947,0.5255635107841857,0.17911338806152344,0.9006681442260742,14.0,0.8037065863609314,0.4574014135312451,0.0,0.18810765469767415,44.0,48.0,266.0,-574.87713
single_defects_new-only/Transition-Metals/Mo,Mo,Mo,clean,-0.036095619201660156,1.4849166870117188,74,42.0,42.0,0.0,42.0,2.16,2.16,0.0,2.16,2.0,2.0,6.0,6.0,0.0,6.0,6.0,6.0,0.0,6.0,1.0,5.0,5.0,0.0,5.0,1.54,1.54,0.0,1.54,35.12062454223633,1.8620087032037693,0.844362735748291,0.5051293197918583,4.788134574890137,4.643526077270508,1.678181841566756,0.35048760959381803,0.1080942153930664,0.1446084976196289,15.0,0.7144637107849121,0.3462051066595155,2.0,0.31240021303079585,52.0,22.0,264.0,-571.31962
single_defects_new-only/Transition-Metals/Ru,Ru,Ru,clean,-0.3003826141357422,1.2179231643676758,104,44.0,44.0,0.0,44.0,2.2,2.2,0.0,2.2,4.0,4.0,8.0,8.0,0.0,8.0,8.0,8.0,0.0,8.0,1.0,5.0,5.0,0.0,5.0,1.46,1.46,0.0,1.46,41.79544448852539,1.816136868224496,0.8378698229789734,0.47180247396373975,5.1834564208984375,5.130765914916992,2.8297072373903713,0.5459112622191014,0.12725067138671875,0.05269050598144531,15.0,0.7038983106613159,0.3029039320535958,-0.0,0.26652836772991106,56.0,48.0,266.0,-572.70733
single_defects_new-only/Transition-Metals/Tc,Tc,Tc,clean,-0.01245880126953125,1.1756229400634766,65,43.0,43.0,0.0,43.0,1.9,1.9,0.0,1.9,3.0,3.0,7.0,7.0,0.0,7.0,7.0,7.0,0.0,7.0,1.0,5.0,5.0,0.0,5.0,1.47,1.47,0.0,1.47,39.001023292541504,1.8321538466348235,0.8476190567016602,0.5169075764715672,4.848516464233398,4.778730392456055,2.0603207221397986,0.424938378025196,0.05466747283935547,0.06978607177734375,3.0,0.7201757431030273,0.36918726769777443,1.0,0.2825464074982244,42.0,23.0,265.0,-572.10036
single_defects_new-only/Transition-Metals/Ti,Ti,Ti,clean,-0.11963081359863281,1.5650577545166016,98,22.0,22.0,0.0,22.0,1.54,1.54,0.0,1.54,0.0,0.0,4.0,4.0,0.0,4.0,4.0,4.0,0.0,4.0,1.0,4.0,4.0,0.0,4.0,1.6,1.6,0.0,1.6,31.54412841796875,1.8442980494327577,0.8745388388633728,0.5045251638001326,4.85684871673584,4.613700866699219,1.7774208613804408,0.3659617511362385,0.059548377990722656,0.2431478500366211,15.0,0.7657712697982788,0.3397433837609632,-0.0,0.2946895632685745,60.0,38.0,262.0,-571.32502
single_defects_new-only/Transition-Metals/V,V,V,clean,-0.08217811584472656,1.6499090194702148,96,23.0,23.0,0.0,23.0,1.63,1.63,0.0,1.63,1.0,1.0,5.0,5.0,0.0,5.0,5.0,5.0,0.0,5.0,1.0,4.0,4.0,0.0,4.0,1.53,1.53,0.0,1.53,38.38540267944336,1.8113329905157531,0.8919239640235901,0.5071047820771734,4.899481773376465,4.846982002258301,1.8950748046239216,0.3867908673365542,0.08187389373779297,0.05249977111816406,3.0,0.7964606881141663,0.3435661986004561,-1.0,0.26172497552127666,56.0,40.0,263.0,-572.7659
single_defects_new-only/VA/Bi,Bi,Bi,spin-suspect,0.0072956085205078125,1.2505369186401367,38,83.0,83.0,0.0,83.0,2.02,2.02,0.0,2.02,1.0,1.0,15.0,15.0,0.0,15.0,5.0,5.0,0.0,5.0,1.0,6.0,6.0,0.0,6.0,1.48,1.48,0.0,1.48,27.226118087768555,1.9371760570025502,0.20413435995578766,0.12672661676218636,4.589306831359863,4.515033721923828,1.9229142038445723,0.4189988323955213,0.264495849609375,0.07427310943603516,19.0,0.08420789241790771,0.040836773812770844,0.0,0.3875675673293696,32.0,6.0,267.0,-556.58087
single_defects_new-only/VIA/Po,Po,Po,clean,0.07158851623535156,1.1521949768066406,46,84.0,84.0,0.0,84.0,2.0,2.0,0.0,2.0,2.0,2.0,16.0,16.0,0.0,16.0,6.0,6.0,0.0,6.0,1.0,6.0,6.0,0.0,6.0,1.4,1.4,0.0,1.4,32.28995418548584,2.0101429313644346,0.19066667556762695,0.13737398369804674,4.506034851074219,4.128015518188477,2.0873779006626294,0.4632405140330878,0.2511005401611328,0.3780193328857422,18.0,0.1474173218011856,0.07143944935144289,0.0,0.46053470467729457,40.0,6.0,268.0,-553.19108
triads_defects/B-N-S/C8-C53-C1-were_replaced/config1,BNS,BNS,clean,0.9584169387817383,1.100876808166504,34,9.333333333333334,560.0,11.0,28.0,2.5533333333333332,16.000128,1.0,7.66,4.0,2.0,14.666666666666666,3120.0,3.0,44.0,4.666666666666667,90.0,3.0,14.0,3.0,2.3333333333333335,12.0,1.0,7.0,0.8666666666666666,0.62622,0.3400000000000001,2.5999999999999996,25.594825744628906,1.587303325025686,0.27166274189949036,0.2077686205944594,4.128107070922852,4.044246673583984,3.558811440187342,0.8620928137389029,3.104602813720703,0.08386039733886719,7.0,0.14590656757354736,0.07532638656523298,-0.0,0.16956832357905435,16.0,18.0,258.0,-562.77487
triads_defects/B-N-S/C8-C53-C1-were_replaced/config2,BNS,BNS,spin-suspect,0.976872444152832,1.1251564025878906,32,9.333333333333334,560.0,11.0,28.0,2.5533333333333332,16.000128,1.0,7.66,4.0,2.0,14.666666666666666,3120.0,3.0,44.0,4.666666666666667,90.0,3.0,14.0,3.0,2.3333333333333335,12.0,1.0,7.0,0.8666666666666666,0.62622,0.3400000000000001,2.5999999999999996,25.62203311920166,1.7215505861632203,0.28735631704330444,0.2118857242166996,4.208073616027832,4.149580001831055,3.7665034532546997,0.8950659605641719,3.3114843368530273,0.058493614196777344,12.0,0.1390504688024521,0.0629540579393506,-0.25,0.19108356952758704,16.0,16.0,258.0,-562.33583
triads_defects/B-N-S/C8-C53-C1-were_replaced/config3,BNS,BNS,clean,-0.08870315551757812,1.2029857635498047,44,9.333333333333334,560.0,11.0,28.0,2.5533333333333332,16.000128,1.0,7.66,4.0,2.0,14.666666666666666,3120.0,3.0,44.0,4.666666666666667,90.0,3.0,14.0,3.0,2.3333333333333335,12.0,1.0,7.0,0.8666666666666666,0.62622,0.3400000000000001,2.5999999999999996,23.218027114868164,1.6262238888720657,0.7448377013206482,0.3842835443263704,4.159191131591797,4.000247001647949,2.75503548708829,0.6623969420789491,0.6614093780517578,0.15894412994384766,23.0,0.3142376244068146,0.14675887826491485,0.0,0.4939844467805379,16.0,28.0,258.0,-564.36521
triads_defects/B-N-S/C8-C55-C1-were_replaced/config1,BNS,BNS,clean,0.9584169387817383,1.100876808166504,34,9.333333333333334,560.0,11.0,28.0,2.5533333333333332,16.000128,1.0,7.66,4.0,2.0,14.666666666666666,3120.0,3.0,44.0,4.666666666666667,90.0,3.0,14.0,3.0,2.3333333333333335,12.0,1.0,7.0,0.8666666666666666,0.62622,0.3400000000000001,2.5999999999999996,25.594825744628906,1.587303325025686,0.27166274189949036,0.2077686205944594,4.128107070922852,4.044246673583984,3.558811440187342,0.8620928137389029,3.104602813720703,0.08386039733886719,7.0,0.14590656757354736,0.07532638656523298,-0.0,0.16956832357905435,16.0,18.0,258.0,-562.77487
triads_defects/B-N-S/C8-C55-C1-were_replaced/config2,BNS,BNS,spin-suspect,0.976872444152832,1.1251564025878906,32,9.333333333333334,560.0,11.0,28.0,2.5533333333333332,16.000128,1.0,7.66,4.0,2.0,14.666666666666666,3120.0,3.0,44.0,4.666666666666667,90.0,3.0,14.0,3.0,2.3333333333333335,12.0,1.0,7.0,0.8666666666666666,0.62622,0.3400000000000001,2.5999999999999996,25.62203311920166,1.7215505861632203,0.28735631704330444,0.2118857242166996,4.208073616027832,4.149580001831055,3.7665034532546997,0.8950659605641719,3.3114843368530273,0.058493614196777344,12.0,0.1390504688024521,0.0629540579393506,-0.25,0.19108356952758704,16.0,16.0,258.0,-562.33583
triads_defects/B-N-S/C8-C55-C1-were_replaced/config3,BNS,BNS,clean,-0.08870315551757812,1.2029857635498047,44,9.333333333333334,560.0,11.0,28.0,2.5533333333333332,16.000128,1.0,7.66,4.0,2.0,14.666666666666666,3120.0,3.0,44.0,4.666666666666667,90.0,3.0,14.0,3.0,2.3333333333333335,12.0,1.0,7.0,0.8666666666666666,0.62622,0.3400000000000001,2.5999999999999996,23.218027114868164,1.6262238888720657,0.7448377013206482,0.3842835443263704,4.159191131591797,4.000247001647949,2.75503548708829,0.6623969420789491,0.6614093780517578,0.15894412994384766,23.0,0.3142376244068146,0.14675887826491485,0.0,0.4939844467805379,16.0,28.0,258.0,-564.36521
triads_defects/Li-B-P/c8-c53-c1/config1,BLiP,BLiP,clean,-0.3069782257080078,0.8849992752075195,75,7.666666666666667,225.0,12.0,23.0,1.7366666666666666,4.378248,1.21,5.21,5.0,-3.0,9.666666666666666,195.0,14.0,29.0,3.0,15.0,4.0,9.0,3.0,2.3333333333333335,12.0,1.0,7.0,1.0633333333333335,1.150464,0.44000000000000006,3.1900000000000004,23.171692848205566,1.7859978550552311,0.6251874566078186,0.25988361954689027,4.600734710693359,4.2826948165893555,2.29760871887207,0.4994003921877526,0.2974529266357422,0.3180398941040039,7.0,0.25627824664115906,0.1424951425443093,1.0,0.4086565242961461,39.0,36.0,253.0,-557.08283
triads_defects/Li-B-P/c8-c55-c1/config2,BLiP,BLiP,clean,-1.4785089492797852,-0.26592445373535156,71,7.666666666666667,225.0,12.0,23.0,1.7366666666666666,4.378248,1.21,5.21,5.0,-3.0,9.666666666666666,195.0,14.0,29.0,3.0,15.0,4.0,9.0,3.0,2.3333333333333335,12.0,1.0,7.0,1.0633333333333335,1.150464,0.44000000000000006,3.1900000000000004,22.54677391052246,1.7063555387334775,0.20331324636936188,0.1468853506613785,4.641778945922852,4.551483154296875,1.7498578890948229,0.3769800133700521,0.053711891174316406,0.09029579162597656,11.0,0.19495424628257751,0.09684973726914801,0.75,0.3119279340321609,37.0,34.0,253.0,-557.27946
